Angle,UglyCat,ID
FromBelow,ugly,ppt_1
FromBelow,not_ugly,ppt_1
Level,not_ugly,ppt_1
Level,not_ugly,ppt_1
FromBelow,not_ugly,ppt_1
FromBelow,not_ugly,ppt_1
Level,not_ugly,ppt_1
Level,not_ugly,ppt_1
FromBelow,not_ugly,ppt_1
FromBelow,not_ugly,ppt_1
Level,ugly,ppt_1
Level,not_ugly,ppt_1
Level,not_ugly,ppt_1
Level,not_ugly,ppt_1
FromBelow,not_ugly,ppt_1
FromBelow,not_ugly,ppt_1
FromBelow,not_ugly,ppt_2
FromBelow,not_ugly,ppt_2
Level,not_ugly,ppt_2
Level,not_ugly,ppt_2
FromBelow,not_ugly,ppt_2
FromBelow,not_ugly,ppt_2
Level,not_ugly,ppt_2
Level,not_ugly,ppt_2
FromBelow,not_ugly,ppt_2
FromBelow,not_ugly,ppt_2
Level,not_ugly,ppt_2
Level,ugly,ppt_2
Level,ugly,ppt_2
Level,not_ugly,ppt_2
FromBelow,ugly,ppt_2
FromBelow,not_ugly,ppt_2
FromBelow,ugly,ppt_3
FromBelow,ugly,ppt_3
Level,not_ugly,ppt_3
Level,not_ugly,ppt_3
FromBelow,ugly,ppt_3
FromBelow,ugly,ppt_3
Level,not_ugly,ppt_3
Level,not_ugly,ppt_3
FromBelow,ugly,ppt_3
FromBelow,ugly,ppt_3
Level,ugly,ppt_3
Level,not_ugly,ppt_3
Level,ugly,ppt_3
Level,not_ugly,ppt_3
FromBelow,ugly,ppt_3
FromBelow,ugly,ppt_3
FromBelow,ugly,ppt_4
FromBelow,ugly,ppt_4
Level,ugly,ppt_4
Level,ugly,ppt_4
FromBelow,ugly,ppt_4
FromBelow,ugly,ppt_4
Level,ugly,ppt_4
Level,ugly,ppt_4
FromBelow,ugly,ppt_4
FromBelow,ugly,ppt_4
Level,ugly,ppt_4
Level,ugly,ppt_4
Level,ugly,ppt_4
Level,ugly,ppt_4
FromBelow,ugly,ppt_4
FromBelow,ugly,ppt_4
FromBelow,ugly,ppt_5
FromBelow,ugly,ppt_5
Level,not_ugly,ppt_5
Level,not_ugly,ppt_5
FromBelow,not_ugly,ppt_5
FromBelow,ugly,ppt_5
Level,not_ugly,ppt_5
Level,not_ugly,ppt_5
FromBelow,ugly,ppt_5
FromBelow,ugly,ppt_5
Level,not_ugly,ppt_5
Level,not_ugly,ppt_5
Level,not_ugly,ppt_5
Level,not_ugly,ppt_5
FromBelow,ugly,ppt_5
FromBelow,ugly,ppt_5
FromBelow,ugly,ppt_6
FromBelow,ugly,ppt_6
Level,NA,ppt_6
Level,ugly,ppt_6
FromBelow,not_ugly,ppt_6
FromBelow,ugly,ppt_6
Level,ugly,ppt_6
Level,ugly,ppt_6
FromBelow,ugly,ppt_6
FromBelow,ugly,ppt_6
Level,ugly,ppt_6
Level,not_ugly,ppt_6
Level,ugly,ppt_6
Level,not_ugly,ppt_6
FromBelow,ugly,ppt_6
FromBelow,ugly,ppt_6
FromBelow,not_ugly,ppt_7
FromBelow,not_ugly,ppt_7
Level,not_ugly,ppt_7
Level,not_ugly,ppt_7
FromBelow,not_ugly,ppt_7
FromBelow,not_ugly,ppt_7
Level,not_ugly,ppt_7
Level,not_ugly,ppt_7
FromBelow,not_ugly,ppt_7
FromBelow,not_ugly,ppt_7
Level,not_ugly,ppt_7
Level,not_ugly,ppt_7
Level,not_ugly,ppt_7
Level,not_ugly,ppt_7
FromBelow,not_ugly,ppt_7
FromBelow,not_ugly,ppt_7
FromBelow,ugly,ppt_8
FromBelow,ugly,ppt_8
Level,ugly,ppt_8
Level,ugly,ppt_8
FromBelow,ugly,ppt_8
FromBelow,ugly,ppt_8
Level,ugly,ppt_8
Level,ugly,ppt_8
FromBelow,ugly,ppt_8
FromBelow,ugly,ppt_8
Level,ugly,ppt_8
Level,ugly,ppt_8
Level,ugly,ppt_8
Level,ugly,ppt_8
FromBelow,ugly,ppt_8
FromBelow,ugly,ppt_8
FromBelow,ugly,ppt_9
FromBelow,ugly,ppt_9
Level,ugly,ppt_9
Level,ugly,ppt_9
FromBelow,ugly,ppt_9
FromBelow,ugly,ppt_9
Level,not_ugly,ppt_9
Level,ugly,ppt_9
FromBelow,ugly,ppt_9
FromBelow,ugly,ppt_9
Level,ugly,ppt_9
Level,ugly,ppt_9
Level,ugly,ppt_9
Level,not_ugly,ppt_9
FromBelow,ugly,ppt_9
FromBelow,ugly,ppt_9
FromBelow,ugly,ppt_10
FromBelow,ugly,ppt_10
Level,not_ugly,ppt_10
Level,not_ugly,ppt_10
FromBelow,ugly,ppt_10
FromBelow,ugly,ppt_10
Level,not_ugly,ppt_10
Level,not_ugly,ppt_10
FromBelow,ugly,ppt_10
FromBelow,ugly,ppt_10
Level,ugly,ppt_10
Level,ugly,ppt_10
Level,ugly,ppt_10
Level,ugly,ppt_10
FromBelow,ugly,ppt_10
FromBelow,ugly,ppt_10
FromBelow,ugly,ppt_11
FromBelow,not_ugly,ppt_11
Level,ugly,ppt_11
Level,ugly,ppt_11
FromBelow,ugly,ppt_11
FromBelow,ugly,ppt_11
Level,ugly,ppt_11
Level,not_ugly,ppt_11
FromBelow,not_ugly,ppt_11
FromBelow,not_ugly,ppt_11
Level,not_ugly,ppt_11
Level,not_ugly,ppt_11
Level,not_ugly,ppt_11
Level,not_ugly,ppt_11
FromBelow,ugly,ppt_11
FromBelow,not_ugly,ppt_11
FromBelow,not_ugly,ppt_12
FromBelow,not_ugly,ppt_12
Level,not_ugly,ppt_12
Level,not_ugly,ppt_12
FromBelow,not_ugly,ppt_12
FromBelow,not_ugly,ppt_12
Level,not_ugly,ppt_12
Level,not_ugly,ppt_12
FromBelow,not_ugly,ppt_12
FromBelow,not_ugly,ppt_12
Level,not_ugly,ppt_12
Level,not_ugly,ppt_12
Level,not_ugly,ppt_12
Level,not_ugly,ppt_12
FromBelow,not_ugly,ppt_12
FromBelow,not_ugly,ppt_12
FromBelow,not_ugly,ppt_13
FromBelow,not_ugly,ppt_13
Level,not_ugly,ppt_13
Level,not_ugly,ppt_13
FromBelow,not_ugly,ppt_13
FromBelow,not_ugly,ppt_13
Level,not_ugly,ppt_13
Level,not_ugly,ppt_13
FromBelow,not_ugly,ppt_13
FromBelow,not_ugly,ppt_13
Level,not_ugly,ppt_13
Level,not_ugly,ppt_13
Level,not_ugly,ppt_13
Level,not_ugly,ppt_13
FromBelow,not_ugly,ppt_13
FromBelow,not_ugly,ppt_13
FromBelow,ugly,ppt_14
FromBelow,ugly,ppt_14
Level,not_ugly,ppt_14
Level,not_ugly,ppt_14
FromBelow,ugly,ppt_14
FromBelow,not_ugly,ppt_14
Level,not_ugly,ppt_14
Level,not_ugly,ppt_14
FromBelow,ugly,ppt_14
FromBelow,not_ugly,ppt_14
Level,ugly,ppt_14
Level,not_ugly,ppt_14
Level,ugly,ppt_14
Level,not_ugly,ppt_14
FromBelow,not_ugly,ppt_14
FromBelow,ugly,ppt_14
FromBelow,ugly,ppt_15
FromBelow,ugly,ppt_15
Level,ugly,ppt_15
Level,ugly,ppt_15
FromBelow,not_ugly,ppt_15
FromBelow,ugly,ppt_15
Level,not_ugly,ppt_15
Level,not_ugly,ppt_15
FromBelow,ugly,ppt_15
FromBelow,ugly,ppt_15
Level,ugly,ppt_15
Level,ugly,ppt_15
Level,ugly,ppt_15
Level,ugly,ppt_15
FromBelow,ugly,ppt_15
FromBelow,ugly,ppt_15
FromBelow,not_ugly,ppt_16
FromBelow,ugly,ppt_16
Level,not_ugly,ppt_16
Level,not_ugly,ppt_16
FromBelow,not_ugly,ppt_16
FromBelow,ugly,ppt_16
Level,ugly,ppt_16
Level,ugly,ppt_16
FromBelow,ugly,ppt_16
FromBelow,ugly,ppt_16
Level,ugly,ppt_16
Level,ugly,ppt_16
Level,not_ugly,ppt_16
Level,not_ugly,ppt_16
FromBelow,ugly,ppt_16
FromBelow,not_ugly,ppt_16
FromBelow,ugly,ppt_17
FromBelow,ugly,ppt_17
Level,not_ugly,ppt_17
Level,not_ugly,ppt_17
FromBelow,ugly,ppt_17
FromBelow,ugly,ppt_17
Level,not_ugly,ppt_17
Level,not_ugly,ppt_17
FromBelow,ugly,ppt_17
FromBelow,ugly,ppt_17
Level,not_ugly,ppt_17
Level,not_ugly,ppt_17
Level,ugly,ppt_17
Level,not_ugly,ppt_17
FromBelow,not_ugly,ppt_17
FromBelow,ugly,ppt_17
FromBelow,ugly,ppt_18
FromBelow,ugly,ppt_18
Level,ugly,ppt_18
Level,ugly,ppt_18
FromBelow,not_ugly,ppt_18
FromBelow,not_ugly,ppt_18
Level,not_ugly,ppt_18
Level,not_ugly,ppt_18
FromBelow,ugly,ppt_18
FromBelow,ugly,ppt_18
Level,ugly,ppt_18
Level,ugly,ppt_18
Level,ugly,ppt_18
Level,not_ugly,ppt_18
FromBelow,ugly,ppt_18
FromBelow,ugly,ppt_18
FromBelow,ugly,ppt_19
FromBelow,ugly,ppt_19
Level,not_ugly,ppt_19
Level,not_ugly,ppt_19
FromBelow,not_ugly,ppt_19
FromBelow,not_ugly,ppt_19
Level,not_ugly,ppt_19
Level,not_ugly,ppt_19
FromBelow,not_ugly,ppt_19
FromBelow,not_ugly,ppt_19
Level,not_ugly,ppt_19
Level,not_ugly,ppt_19
Level,not_ugly,ppt_19
Level,not_ugly,ppt_19
FromBelow,not_ugly,ppt_19
FromBelow,not_ugly,ppt_19
FromBelow,ugly,ppt_20
FromBelow,ugly,ppt_20
Level,not_ugly,ppt_20
Level,ugly,ppt_20
FromBelow,ugly,ppt_20
FromBelow,ugly,ppt_20
Level,not_ugly,ppt_20
Level,not_ugly,ppt_20
FromBelow,ugly,ppt_20
FromBelow,ugly,ppt_20
Level,ugly,ppt_20
Level,not_ugly,ppt_20
Level,not_ugly,ppt_20
Level,not_ugly,ppt_20
FromBelow,ugly,ppt_20
FromBelow,ugly,ppt_20
FromBelow,ugly,ppt_21
FromBelow,ugly,ppt_21
Level,ugly,ppt_21
Level,ugly,ppt_21
FromBelow,ugly,ppt_21
FromBelow,ugly,ppt_21
Level,not_ugly,ppt_21
Level,ugly,ppt_21
FromBelow,ugly,ppt_21
FromBelow,ugly,ppt_21
Level,not_ugly,ppt_21
Level,ugly,ppt_21
Level,ugly,ppt_21
Level,not_ugly,ppt_21
FromBelow,ugly,ppt_21
FromBelow,not_ugly,ppt_21
FromBelow,ugly,ppt_22
FromBelow,ugly,ppt_22
Level,ugly,ppt_22
Level,ugly,ppt_22
FromBelow,ugly,ppt_22
FromBelow,ugly,ppt_22
Level,not_ugly,ppt_22
Level,ugly,ppt_22
FromBelow,ugly,ppt_22
FromBelow,ugly,ppt_22
Level,ugly,ppt_22
Level,ugly,ppt_22
Level,ugly,ppt_22
Level,ugly,ppt_22
FromBelow,ugly,ppt_22
FromBelow,ugly,ppt_22
FromBelow,ugly,ppt_23
FromBelow,not_ugly,ppt_23
Level,ugly,ppt_23
Level,not_ugly,ppt_23
FromBelow,ugly,ppt_23
FromBelow,not_ugly,ppt_23
Level,not_ugly,ppt_23
Level,not_ugly,ppt_23
FromBelow,ugly,ppt_23
FromBelow,ugly,ppt_23
Level,ugly,ppt_23
Level,ugly,ppt_23
Level,ugly,ppt_23
Level,not_ugly,ppt_23
FromBelow,ugly,ppt_23
FromBelow,ugly,ppt_23
FromBelow,not_ugly,ppt_24
FromBelow,ugly,ppt_24
Level,ugly,ppt_24
Level,not_ugly,ppt_24
FromBelow,ugly,ppt_24
FromBelow,ugly,ppt_24
Level,ugly,ppt_24
Level,ugly,ppt_24
FromBelow,ugly,ppt_24
FromBelow,not_ugly,ppt_24
Level,ugly,ppt_24
Level,ugly,ppt_24
Level,not_ugly,ppt_24
Level,ugly,ppt_24
FromBelow,ugly,ppt_24
FromBelow,not_ugly,ppt_24
FromBelow,ugly,ppt_25
FromBelow,ugly,ppt_25
Level,not_ugly,ppt_25
Level,not_ugly,ppt_25
FromBelow,ugly,ppt_25
FromBelow,ugly,ppt_25
Level,not_ugly,ppt_25
Level,not_ugly,ppt_25
FromBelow,ugly,ppt_25
FromBelow,ugly,ppt_25
Level,not_ugly,ppt_25
Level,not_ugly,ppt_25
Level,not_ugly,ppt_25
Level,not_ugly,ppt_25
FromBelow,ugly,ppt_25
FromBelow,ugly,ppt_25
FromBelow,not_ugly,ppt_26
FromBelow,not_ugly,ppt_26
Level,ugly,ppt_26
Level,ugly,ppt_26
FromBelow,ugly,ppt_26
FromBelow,ugly,ppt_26
Level,ugly,ppt_26
Level,not_ugly,ppt_26
FromBelow,ugly,ppt_26
FromBelow,ugly,ppt_26
Level,ugly,ppt_26
Level,ugly,ppt_26
Level,ugly,ppt_26
Level,ugly,ppt_26
FromBelow,not_ugly,ppt_26
FromBelow,ugly,ppt_26
FromBelow,ugly,ppt_27
FromBelow,ugly,ppt_27
Level,ugly,ppt_27
Level,ugly,ppt_27
FromBelow,ugly,ppt_27
FromBelow,ugly,ppt_27
Level,ugly,ppt_27
Level,not_ugly,ppt_27
FromBelow,ugly,ppt_27
FromBelow,ugly,ppt_27
Level,ugly,ppt_27
Level,ugly,ppt_27
Level,ugly,ppt_27
Level,ugly,ppt_27
FromBelow,ugly,ppt_27
FromBelow,ugly,ppt_27
FromBelow,ugly,ppt_28
FromBelow,not_ugly,ppt_28
Level,ugly,ppt_28
Level,ugly,ppt_28
FromBelow,ugly,ppt_28
FromBelow,ugly,ppt_28
Level,ugly,ppt_28
Level,not_ugly,ppt_28
FromBelow,ugly,ppt_28
FromBelow,ugly,ppt_28
Level,ugly,ppt_28
Level,ugly,ppt_28
Level,ugly,ppt_28
Level,ugly,ppt_28
FromBelow,ugly,ppt_28
FromBelow,ugly,ppt_28
FromBelow,ugly,ppt_29
FromBelow,ugly,ppt_29
Level,ugly,ppt_29
Level,ugly,ppt_29
FromBelow,not_ugly,ppt_29
FromBelow,ugly,ppt_29
Level,not_ugly,ppt_29
Level,not_ugly,ppt_29
FromBelow,not_ugly,ppt_29
FromBelow,not_ugly,ppt_29
Level,ugly,ppt_29
Level,not_ugly,ppt_29
Level,not_ugly,ppt_29
Level,not_ugly,ppt_29
FromBelow,not_ugly,ppt_29
FromBelow,not_ugly,ppt_29
FromBelow,ugly,ppt_30
FromBelow,ugly,ppt_30
Level,not_ugly,ppt_30
Level,not_ugly,ppt_30
FromBelow,not_ugly,ppt_30
FromBelow,not_ugly,ppt_30
Level,not_ugly,ppt_30
Level,not_ugly,ppt_30
FromBelow,not_ugly,ppt_30
FromBelow,ugly,ppt_30
Level,not_ugly,ppt_30
Level,not_ugly,ppt_30
Level,not_ugly,ppt_30
Level,ugly,ppt_30
FromBelow,not_ugly,ppt_30
FromBelow,not_ugly,ppt_30
FromBelow,ugly,ppt_31
FromBelow,ugly,ppt_31
Level,ugly,ppt_31
Level,ugly,ppt_31
FromBelow,ugly,ppt_31
FromBelow,ugly,ppt_31
Level,ugly,ppt_31
Level,ugly,ppt_31
FromBelow,ugly,ppt_31
FromBelow,ugly,ppt_31
Level,ugly,ppt_31
Level,ugly,ppt_31
Level,ugly,ppt_31
Level,ugly,ppt_31
FromBelow,ugly,ppt_31
FromBelow,ugly,ppt_31
FromBelow,not_ugly,ppt_32
FromBelow,not_ugly,ppt_32
Level,not_ugly,ppt_32
Level,not_ugly,ppt_32
FromBelow,not_ugly,ppt_32
FromBelow,not_ugly,ppt_32
Level,not_ugly,ppt_32
Level,not_ugly,ppt_32
FromBelow,ugly,ppt_32
FromBelow,ugly,ppt_32
Level,ugly,ppt_32
Level,not_ugly,ppt_32
Level,ugly,ppt_32
Level,ugly,ppt_32
FromBelow,ugly,ppt_32
FromBelow,ugly,ppt_32
FromBelow,ugly,ppt_33
FromBelow,ugly,ppt_33
Level,ugly,ppt_33
Level,ugly,ppt_33
FromBelow,not_ugly,ppt_33
FromBelow,not_ugly,ppt_33
Level,not_ugly,ppt_33
Level,not_ugly,ppt_33
FromBelow,not_ugly,ppt_33
FromBelow,not_ugly,ppt_33
Level,not_ugly,ppt_33
Level,not_ugly,ppt_33
Level,not_ugly,ppt_33
Level,not_ugly,ppt_33
FromBelow,not_ugly,ppt_33
FromBelow,not_ugly,ppt_33
FromBelow,not_ugly,ppt_34
FromBelow,ugly,ppt_34
Level,not_ugly,ppt_34
Level,not_ugly,ppt_34
FromBelow,not_ugly,ppt_34
FromBelow,not_ugly,ppt_34
Level,not_ugly,ppt_34
Level,not_ugly,ppt_34
FromBelow,not_ugly,ppt_34
FromBelow,not_ugly,ppt_34
Level,not_ugly,ppt_34
Level,not_ugly,ppt_34
Level,not_ugly,ppt_34
Level,not_ugly,ppt_34
FromBelow,not_ugly,ppt_34
FromBelow,not_ugly,ppt_34
FromBelow,ugly,ppt_35
FromBelow,ugly,ppt_35
Level,not_ugly,ppt_35
Level,not_ugly,ppt_35
FromBelow,not_ugly,ppt_35
FromBelow,ugly,ppt_35
Level,not_ugly,ppt_35
Level,not_ugly,ppt_35
FromBelow,ugly,ppt_35
FromBelow,ugly,ppt_35
Level,not_ugly,ppt_35
Level,not_ugly,ppt_35
Level,not_ugly,ppt_35
Level,not_ugly,ppt_35
FromBelow,ugly,ppt_35
FromBelow,ugly,ppt_35
FromBelow,not_ugly,ppt_36
FromBelow,not_ugly,ppt_36
Level,not_ugly,ppt_36
Level,not_ugly,ppt_36
FromBelow,not_ugly,ppt_36
FromBelow,not_ugly,ppt_36
Level,not_ugly,ppt_36
Level,not_ugly,ppt_36
FromBelow,not_ugly,ppt_36
FromBelow,not_ugly,ppt_36
Level,ugly,ppt_36
Level,not_ugly,ppt_36
Level,not_ugly,ppt_36
Level,not_ugly,ppt_36
FromBelow,not_ugly,ppt_36
FromBelow,not_ugly,ppt_36
FromBelow,ugly,ppt_37
FromBelow,not_ugly,ppt_37
Level,not_ugly,ppt_37
Level,not_ugly,ppt_37
FromBelow,not_ugly,ppt_37
FromBelow,not_ugly,ppt_37
Level,not_ugly,ppt_37
Level,not_ugly,ppt_37
FromBelow,not_ugly,ppt_37
FromBelow,ugly,ppt_37
Level,not_ugly,ppt_37
Level,not_ugly,ppt_37
Level,ugly,ppt_37
Level,not_ugly,ppt_37
FromBelow,not_ugly,ppt_37
FromBelow,not_ugly,ppt_37
FromBelow,not_ugly,ppt_38
FromBelow,ugly,ppt_38
Level,ugly,ppt_38
Level,ugly,ppt_38
FromBelow,not_ugly,ppt_38
FromBelow,ugly,ppt_38
Level,ugly,ppt_38
Level,not_ugly,ppt_38
FromBelow,ugly,ppt_38
FromBelow,ugly,ppt_38
Level,ugly,ppt_38
Level,ugly,ppt_38
Level,ugly,ppt_38
Level,ugly,ppt_38
FromBelow,ugly,ppt_38
FromBelow,ugly,ppt_38
FromBelow,ugly,ppt_39
FromBelow,ugly,ppt_39
Level,not_ugly,ppt_39
Level,ugly,ppt_39
FromBelow,ugly,ppt_39
FromBelow,ugly,ppt_39
Level,not_ugly,ppt_39
Level,not_ugly,ppt_39
FromBelow,ugly,ppt_39
FromBelow,ugly,ppt_39
Level,not_ugly,ppt_39
Level,ugly,ppt_39
Level,ugly,ppt_39
Level,not_ugly,ppt_39
FromBelow,ugly,ppt_39
FromBelow,ugly,ppt_39
FromBelow,ugly,ppt_40
FromBelow,ugly,ppt_40
Level,ugly,ppt_40
Level,ugly,ppt_40
FromBelow,ugly,ppt_40
FromBelow,ugly,ppt_40
Level,not_ugly,ppt_40
Level,ugly,ppt_40
FromBelow,ugly,ppt_40
FromBelow,ugly,ppt_40
Level,ugly,ppt_40
Level,ugly,ppt_40
Level,ugly,ppt_40
Level,not_ugly,ppt_40
FromBelow,ugly,ppt_40
FromBelow,ugly,ppt_40
FromBelow,not_ugly,ppt_41
FromBelow,not_ugly,ppt_41
Level,not_ugly,ppt_41
Level,not_ugly,ppt_41
FromBelow,not_ugly,ppt_41
FromBelow,not_ugly,ppt_41
Level,not_ugly,ppt_41
Level,not_ugly,ppt_41
FromBelow,not_ugly,ppt_41
FromBelow,ugly,ppt_41
Level,not_ugly,ppt_41
Level,not_ugly,ppt_41
Level,not_ugly,ppt_41
Level,not_ugly,ppt_41
FromBelow,not_ugly,ppt_41
FromBelow,not_ugly,ppt_41
FromBelow,ugly,ppt_42
FromBelow,ugly,ppt_42
Level,ugly,ppt_42
Level,ugly,ppt_42
FromBelow,ugly,ppt_42
FromBelow,ugly,ppt_42
Level,ugly,ppt_42
Level,ugly,ppt_42
FromBelow,ugly,ppt_42
FromBelow,ugly,ppt_42
Level,ugly,ppt_42
Level,ugly,ppt_42
Level,ugly,ppt_42
Level,ugly,ppt_42
FromBelow,ugly,ppt_42
FromBelow,ugly,ppt_42
FromBelow,ugly,ppt_43
FromBelow,ugly,ppt_43
Level,ugly,ppt_43
Level,not_ugly,ppt_43
FromBelow,not_ugly,ppt_43
FromBelow,not_ugly,ppt_43
Level,not_ugly,ppt_43
Level,ugly,ppt_43
FromBelow,ugly,ppt_43
FromBelow,ugly,ppt_43
Level,not_ugly,ppt_43
Level,not_ugly,ppt_43
Level,ugly,ppt_43
Level,not_ugly,ppt_43
FromBelow,ugly,ppt_43
FromBelow,ugly,ppt_43
FromBelow,not_ugly,ppt_44
FromBelow,not_ugly,ppt_44
Level,not_ugly,ppt_44
Level,not_ugly,ppt_44
FromBelow,not_ugly,ppt_44
FromBelow,not_ugly,ppt_44
Level,not_ugly,ppt_44
Level,not_ugly,ppt_44
FromBelow,ugly,ppt_44
FromBelow,ugly,ppt_44
Level,ugly,ppt_44
Level,ugly,ppt_44
Level,ugly,ppt_44
Level,ugly,ppt_44
FromBelow,ugly,ppt_44
FromBelow,ugly,ppt_44
FromBelow,ugly,ppt_45
FromBelow,ugly,ppt_45
Level,ugly,ppt_45
Level,ugly,ppt_45
FromBelow,ugly,ppt_45
FromBelow,ugly,ppt_45
Level,not_ugly,ppt_45
Level,not_ugly,ppt_45
FromBelow,not_ugly,ppt_45
FromBelow,not_ugly,ppt_45
Level,not_ugly,ppt_45
Level,not_ugly,ppt_45
Level,ugly,ppt_45
Level,not_ugly,ppt_45
FromBelow,not_ugly,ppt_45
FromBelow,not_ugly,ppt_45
FromBelow,ugly,ppt_46
FromBelow,ugly,ppt_46
Level,ugly,ppt_46
Level,not_ugly,ppt_46
FromBelow,not_ugly,ppt_46
FromBelow,not_ugly,ppt_46
Level,not_ugly,ppt_46
Level,not_ugly,ppt_46
FromBelow,ugly,ppt_46
FromBelow,ugly,ppt_46
Level,ugly,ppt_46
Level,ugly,ppt_46
Level,ugly,ppt_46
Level,ugly,ppt_46
FromBelow,ugly,ppt_46
FromBelow,ugly,ppt_46
FromBelow,not_ugly,ppt_47
FromBelow,not_ugly,ppt_47
Level,ugly,ppt_47
Level,not_ugly,ppt_47
FromBelow,not_ugly,ppt_47
FromBelow,ugly,ppt_47
Level,not_ugly,ppt_47
Level,not_ugly,ppt_47
FromBelow,ugly,ppt_47
FromBelow,ugly,ppt_47
Level,ugly,ppt_47
Level,not_ugly,ppt_47
Level,ugly,ppt_47
Level,ugly,ppt_47
FromBelow,not_ugly,ppt_47
FromBelow,not_ugly,ppt_47
FromBelow,ugly,ppt_48
FromBelow,ugly,ppt_48
Level,not_ugly,ppt_48
Level,ugly,ppt_48
FromBelow,ugly,ppt_48
FromBelow,not_ugly,ppt_48
Level,not_ugly,ppt_48
Level,not_ugly,ppt_48
FromBelow,ugly,ppt_48
FromBelow,ugly,ppt_48
Level,ugly,ppt_48
Level,not_ugly,ppt_48
Level,ugly,ppt_48
Level,not_ugly,ppt_48
FromBelow,not_ugly,ppt_48
FromBelow,ugly,ppt_48
FromBelow,ugly,ppt_49
FromBelow,ugly,ppt_49
Level,not_ugly,ppt_49
Level,not_ugly,ppt_49
FromBelow,ugly,ppt_49
FromBelow,ugly,ppt_49
Level,not_ugly,ppt_49
Level,not_ugly,ppt_49
FromBelow,ugly,ppt_49
FromBelow,ugly,ppt_49
Level,ugly,ppt_49
Level,not_ugly,ppt_49
Level,ugly,ppt_49
Level,not_ugly,ppt_49
FromBelow,ugly,ppt_49
FromBelow,ugly,ppt_49
FromBelow,ugly,ppt_50
FromBelow,ugly,ppt_50
Level,ugly,ppt_50
Level,ugly,ppt_50
FromBelow,ugly,ppt_50
FromBelow,ugly,ppt_50
Level,ugly,ppt_50
Level,ugly,ppt_50
FromBelow,ugly,ppt_50
FromBelow,ugly,ppt_50
Level,ugly,ppt_50
Level,ugly,ppt_50
Level,ugly,ppt_50
Level,ugly,ppt_50
FromBelow,ugly,ppt_50
FromBelow,ugly,ppt_50
FromBelow,not_ugly,ppt_51
FromBelow,not_ugly,ppt_51
Level,ugly,ppt_51
Level,not_ugly,ppt_51
FromBelow,ugly,ppt_51
FromBelow,not_ugly,ppt_51
Level,ugly,ppt_51
Level,ugly,ppt_51
FromBelow,not_ugly,ppt_51
FromBelow,not_ugly,ppt_51
Level,not_ugly,ppt_51
Level,not_ugly,ppt_51
Level,ugly,ppt_51
Level,not_ugly,ppt_51
FromBelow,ugly,ppt_51
FromBelow,ugly,ppt_51
FromBelow,ugly,ppt_52
FromBelow,ugly,ppt_52
Level,ugly,ppt_52
Level,ugly,ppt_52
FromBelow,ugly,ppt_52
FromBelow,not_ugly,ppt_52
Level,not_ugly,ppt_52
Level,not_ugly,ppt_52
FromBelow,not_ugly,ppt_52
FromBelow,not_ugly,ppt_52
Level,not_ugly,ppt_52
Level,not_ugly,ppt_52
Level,not_ugly,ppt_52
Level,not_ugly,ppt_52
FromBelow,not_ugly,ppt_52
FromBelow,not_ugly,ppt_52
FromBelow,ugly,ppt_53
FromBelow,ugly,ppt_53
Level,ugly,ppt_53
Level,not_ugly,ppt_53
FromBelow,ugly,ppt_53
FromBelow,not_ugly,ppt_53
Level,not_ugly,ppt_53
Level,ugly,ppt_53
FromBelow,ugly,ppt_53
FromBelow,ugly,ppt_53
Level,ugly,ppt_53
Level,ugly,ppt_53
Level,ugly,ppt_53
Level,ugly,ppt_53
FromBelow,ugly,ppt_53
FromBelow,ugly,ppt_53
FromBelow,ugly,ppt_54
FromBelow,ugly,ppt_54
Level,ugly,ppt_54
Level,ugly,ppt_54
FromBelow,ugly,ppt_54
FromBelow,ugly,ppt_54
Level,ugly,ppt_54
Level,ugly,ppt_54
FromBelow,ugly,ppt_54
FromBelow,ugly,ppt_54
Level,ugly,ppt_54
Level,ugly,ppt_54
Level,ugly,ppt_54
Level,ugly,ppt_54
FromBelow,ugly,ppt_54
FromBelow,ugly,ppt_54
FromBelow,ugly,ppt_55
FromBelow,ugly,ppt_55
Level,not_ugly,ppt_55
Level,not_ugly,ppt_55
FromBelow,not_ugly,ppt_55
FromBelow,not_ugly,ppt_55
Level,not_ugly,ppt_55
Level,not_ugly,ppt_55
FromBelow,ugly,ppt_55
FromBelow,ugly,ppt_55
Level,not_ugly,ppt_55
Level,not_ugly,ppt_55
Level,not_ugly,ppt_55
Level,not_ugly,ppt_55
FromBelow,not_ugly,ppt_55
FromBelow,not_ugly,ppt_55
FromBelow,ugly,ppt_56
FromBelow,ugly,ppt_56
Level,ugly,ppt_56
Level,ugly,ppt_56
FromBelow,ugly,ppt_56
FromBelow,ugly,ppt_56
Level,not_ugly,ppt_56
Level,ugly,ppt_56
FromBelow,ugly,ppt_56
FromBelow,ugly,ppt_56
Level,ugly,ppt_56
Level,ugly,ppt_56
Level,ugly,ppt_56
Level,not_ugly,ppt_56
FromBelow,ugly,ppt_56
FromBelow,ugly,ppt_56
FromBelow,ugly,ppt_57
FromBelow,ugly,ppt_57
Level,not_ugly,ppt_57
Level,not_ugly,ppt_57
FromBelow,not_ugly,ppt_57
FromBelow,not_ugly,ppt_57
Level,not_ugly,ppt_57
Level,not_ugly,ppt_57
FromBelow,ugly,ppt_57
FromBelow,ugly,ppt_57
Level,not_ugly,ppt_57
Level,not_ugly,ppt_57
Level,not_ugly,ppt_57
Level,not_ugly,ppt_57
FromBelow,ugly,ppt_57
FromBelow,ugly,ppt_57
FromBelow,ugly,ppt_58
FromBelow,ugly,ppt_58
Level,not_ugly,ppt_58
Level,not_ugly,ppt_58
FromBelow,not_ugly,ppt_58
FromBelow,not_ugly,ppt_58
Level,not_ugly,ppt_58
Level,not_ugly,ppt_58
FromBelow,ugly,ppt_58
FromBelow,ugly,ppt_58
Level,not_ugly,ppt_58
Level,not_ugly,ppt_58
Level,not_ugly,ppt_58
Level,not_ugly,ppt_58
FromBelow,not_ugly,ppt_58
FromBelow,not_ugly,ppt_58
FromBelow,not_ugly,ppt_59
FromBelow,not_ugly,ppt_59
Level,not_ugly,ppt_59
Level,not_ugly,ppt_59
FromBelow,not_ugly,ppt_59
FromBelow,not_ugly,ppt_59
Level,not_ugly,ppt_59
Level,not_ugly,ppt_59
FromBelow,not_ugly,ppt_59
FromBelow,not_ugly,ppt_59
Level,not_ugly,ppt_59
Level,ugly,ppt_59
Level,not_ugly,ppt_59
Level,not_ugly,ppt_59
FromBelow,not_ugly,ppt_59
FromBelow,not_ugly,ppt_59
FromBelow,ugly,ppt_60
FromBelow,ugly,ppt_60
Level,ugly,ppt_60
Level,not_ugly,ppt_60
FromBelow,ugly,ppt_60
FromBelow,ugly,ppt_60
Level,not_ugly,ppt_60
Level,not_ugly,ppt_60
FromBelow,ugly,ppt_60
FromBelow,ugly,ppt_60
Level,not_ugly,ppt_60
Level,not_ugly,ppt_60
Level,not_ugly,ppt_60
Level,not_ugly,ppt_60
FromBelow,ugly,ppt_60
FromBelow,not_ugly,ppt_60
FromBelow,ugly,ppt_61
FromBelow,ugly,ppt_61
Level,ugly,ppt_61
Level,ugly,ppt_61
FromBelow,ugly,ppt_61
FromBelow,ugly,ppt_61
Level,ugly,ppt_61
Level,ugly,ppt_61
FromBelow,ugly,ppt_61
FromBelow,ugly,ppt_61
Level,not_ugly,ppt_61
Level,not_ugly,ppt_61
Level,ugly,ppt_61
Level,ugly,ppt_61
FromBelow,ugly,ppt_61
FromBelow,ugly,ppt_61
FromBelow,ugly,ppt_62
FromBelow,ugly,ppt_62
Level,ugly,ppt_62
Level,ugly,ppt_62
FromBelow,ugly,ppt_62
FromBelow,ugly,ppt_62
Level,not_ugly,ppt_62
Level,not_ugly,ppt_62
FromBelow,ugly,ppt_62
FromBelow,not_ugly,ppt_62
Level,not_ugly,ppt_62
Level,ugly,ppt_62
Level,ugly,ppt_62
Level,not_ugly,ppt_62
FromBelow,not_ugly,ppt_62
FromBelow,ugly,ppt_62
FromBelow,ugly,ppt_63
FromBelow,ugly,ppt_63
Level,ugly,ppt_63
Level,ugly,ppt_63
FromBelow,ugly,ppt_63
FromBelow,ugly,ppt_63
Level,not_ugly,ppt_63
Level,ugly,ppt_63
FromBelow,ugly,ppt_63
FromBelow,ugly,ppt_63
Level,not_ugly,ppt_63
Level,not_ugly,ppt_63
Level,not_ugly,ppt_63
Level,not_ugly,ppt_63
FromBelow,ugly,ppt_63
FromBelow,ugly,ppt_63
FromBelow,ugly,ppt_64
FromBelow,ugly,ppt_64
Level,not_ugly,ppt_64
Level,ugly,ppt_64
FromBelow,not_ugly,ppt_64
FromBelow,not_ugly,ppt_64
Level,not_ugly,ppt_64
Level,not_ugly,ppt_64
FromBelow,not_ugly,ppt_64
FromBelow,not_ugly,ppt_64
Level,not_ugly,ppt_64
Level,not_ugly,ppt_64
Level,not_ugly,ppt_64
Level,not_ugly,ppt_64
FromBelow,not_ugly,ppt_64
FromBelow,ugly,ppt_64
FromBelow,ugly,ppt_65
FromBelow,not_ugly,ppt_65
Level,ugly,ppt_65
Level,not_ugly,ppt_65
FromBelow,not_ugly,ppt_65
FromBelow,not_ugly,ppt_65
Level,not_ugly,ppt_65
Level,not_ugly,ppt_65
FromBelow,ugly,ppt_65
FromBelow,ugly,ppt_65
Level,ugly,ppt_65
Level,ugly,ppt_65
Level,ugly,ppt_65
Level,ugly,ppt_65
FromBelow,ugly,ppt_65
FromBelow,ugly,ppt_65
FromBelow,ugly,ppt_66
FromBelow,not_ugly,ppt_66
Level,not_ugly,ppt_66
Level,not_ugly,ppt_66
FromBelow,not_ugly,ppt_66
FromBelow,not_ugly,ppt_66
Level,not_ugly,ppt_66
Level,not_ugly,ppt_66
FromBelow,not_ugly,ppt_66
FromBelow,not_ugly,ppt_66
Level,not_ugly,ppt_66
Level,not_ugly,ppt_66
Level,not_ugly,ppt_66
Level,not_ugly,ppt_66
FromBelow,not_ugly,ppt_66
FromBelow,not_ugly,ppt_66
FromBelow,ugly,ppt_67
FromBelow,not_ugly,ppt_67
Level,ugly,ppt_67
Level,not_ugly,ppt_67
FromBelow,not_ugly,ppt_67
FromBelow,not_ugly,ppt_67
Level,ugly,ppt_67
Level,ugly,ppt_67
FromBelow,ugly,ppt_67
FromBelow,not_ugly,ppt_67
Level,not_ugly,ppt_67
Level,not_ugly,ppt_67
Level,not_ugly,ppt_67
Level,not_ugly,ppt_67
FromBelow,not_ugly,ppt_67
FromBelow,not_ugly,ppt_67
FromBelow,ugly,ppt_68
FromBelow,ugly,ppt_68
Level,not_ugly,ppt_68
Level,not_ugly,ppt_68
FromBelow,not_ugly,ppt_68
FromBelow,not_ugly,ppt_68
Level,not_ugly,ppt_68
Level,not_ugly,ppt_68
FromBelow,ugly,ppt_68
FromBelow,ugly,ppt_68
Level,not_ugly,ppt_68
Level,not_ugly,ppt_68
Level,not_ugly,ppt_68
Level,not_ugly,ppt_68
FromBelow,ugly,ppt_68
FromBelow,ugly,ppt_68
FromBelow,ugly,ppt_69
FromBelow,ugly,ppt_69
Level,ugly,ppt_69
Level,not_ugly,ppt_69
FromBelow,ugly,ppt_69
FromBelow,ugly,ppt_69
Level,not_ugly,ppt_69
Level,not_ugly,ppt_69
FromBelow,ugly,ppt_69
FromBelow,ugly,ppt_69
Level,not_ugly,ppt_69
Level,not_ugly,ppt_69
Level,ugly,ppt_69
Level,not_ugly,ppt_69
FromBelow,ugly,ppt_69
FromBelow,ugly,ppt_69
FromBelow,not_ugly,ppt_70
FromBelow,ugly,ppt_70
Level,not_ugly,ppt_70
Level,ugly,ppt_70
FromBelow,ugly,ppt_70
FromBelow,not_ugly,ppt_70
Level,not_ugly,ppt_70
Level,not_ugly,ppt_70
FromBelow,ugly,ppt_70
FromBelow,ugly,ppt_70
Level,not_ugly,ppt_70
Level,ugly,ppt_70
Level,ugly,ppt_70
Level,not_ugly,ppt_70
FromBelow,ugly,ppt_70
FromBelow,not_ugly,ppt_70
FromBelow,not_ugly,ppt_71
FromBelow,ugly,ppt_71
Level,ugly,ppt_71
Level,ugly,ppt_71
FromBelow,ugly,ppt_71
FromBelow,not_ugly,ppt_71
Level,ugly,ppt_71
Level,ugly,ppt_71
FromBelow,ugly,ppt_71
FromBelow,ugly,ppt_71
Level,ugly,ppt_71
Level,ugly,ppt_71
Level,ugly,ppt_71
Level,ugly,ppt_71
FromBelow,ugly,ppt_71
FromBelow,ugly,ppt_71
FromBelow,ugly,ppt_72
FromBelow,ugly,ppt_72
Level,ugly,ppt_72
Level,not_ugly,ppt_72
FromBelow,ugly,ppt_72
FromBelow,ugly,ppt_72
Level,ugly,ppt_72
Level,ugly,ppt_72
FromBelow,ugly,ppt_72
FromBelow,not_ugly,ppt_72
Level,not_ugly,ppt_72
Level,ugly,ppt_72
Level,not_ugly,ppt_72
Level,not_ugly,ppt_72
FromBelow,ugly,ppt_72
FromBelow,not_ugly,ppt_72
FromBelow,ugly,ppt_73
FromBelow,ugly,ppt_73
Level,not_ugly,ppt_73
Level,not_ugly,ppt_73
FromBelow,ugly,ppt_73
FromBelow,ugly,ppt_73
Level,not_ugly,ppt_73
Level,ugly,ppt_73
FromBelow,ugly,ppt_73
FromBelow,ugly,ppt_73
Level,ugly,ppt_73
Level,ugly,ppt_73
Level,ugly,ppt_73
Level,ugly,ppt_73
FromBelow,ugly,ppt_73
FromBelow,ugly,ppt_73
FromBelow,not_ugly,ppt_74
FromBelow,ugly,ppt_74
Level,ugly,ppt_74
Level,not_ugly,ppt_74
FromBelow,not_ugly,ppt_74
FromBelow,not_ugly,ppt_74
Level,not_ugly,ppt_74
Level,ugly,ppt_74
FromBelow,ugly,ppt_74
FromBelow,ugly,ppt_74
Level,not_ugly,ppt_74
Level,not_ugly,ppt_74
Level,not_ugly,ppt_74
Level,not_ugly,ppt_74
FromBelow,ugly,ppt_74
FromBelow,ugly,ppt_74
FromBelow,ugly,ppt_75
FromBelow,ugly,ppt_75
Level,ugly,ppt_75
Level,ugly,ppt_75
FromBelow,ugly,ppt_75
FromBelow,ugly,ppt_75
Level,ugly,ppt_75
Level,ugly,ppt_75
FromBelow,not_ugly,ppt_75
FromBelow,not_ugly,ppt_75
Level,ugly,ppt_75
Level,not_ugly,ppt_75
Level,ugly,ppt_75
Level,not_ugly,ppt_75
FromBelow,ugly,ppt_75
FromBelow,ugly,ppt_75
FromBelow,ugly,ppt_76
FromBelow,ugly,ppt_76
Level,ugly,ppt_76
Level,ugly,ppt_76
FromBelow,ugly,ppt_76
FromBelow,ugly,ppt_76
Level,ugly,ppt_76
Level,ugly,ppt_76
FromBelow,ugly,ppt_76
FromBelow,ugly,ppt_76
Level,ugly,ppt_76
Level,ugly,ppt_76
Level,ugly,ppt_76
Level,ugly,ppt_76
FromBelow,ugly,ppt_76
FromBelow,ugly,ppt_76
FromBelow,ugly,ppt_77
FromBelow,ugly,ppt_77
Level,not_ugly,ppt_77
Level,not_ugly,ppt_77
FromBelow,ugly,ppt_77
FromBelow,not_ugly,ppt_77
Level,not_ugly,ppt_77
Level,not_ugly,ppt_77
FromBelow,ugly,ppt_77
FromBelow,not_ugly,ppt_77
Level,not_ugly,ppt_77
Level,not_ugly,ppt_77
Level,not_ugly,ppt_77
Level,not_ugly,ppt_77
FromBelow,not_ugly,ppt_77
FromBelow,ugly,ppt_77
FromBelow,ugly,ppt_78
FromBelow,ugly,ppt_78
Level,ugly,ppt_78
Level,ugly,ppt_78
FromBelow,ugly,ppt_78
FromBelow,ugly,ppt_78
Level,not_ugly,ppt_78
Level,not_ugly,ppt_78
FromBelow,ugly,ppt_78
FromBelow,ugly,ppt_78
Level,ugly,ppt_78
Level,not_ugly,ppt_78
Level,ugly,ppt_78
Level,not_ugly,ppt_78
FromBelow,ugly,ppt_78
FromBelow,ugly,ppt_78
FromBelow,ugly,ppt_79
FromBelow,ugly,ppt_79
Level,ugly,ppt_79
Level,not_ugly,ppt_79
FromBelow,ugly,ppt_79
FromBelow,ugly,ppt_79
Level,not_ugly,ppt_79
Level,not_ugly,ppt_79
FromBelow,ugly,ppt_79
FromBelow,not_ugly,ppt_79
Level,not_ugly,ppt_79
Level,not_ugly,ppt_79
Level,ugly,ppt_79
Level,not_ugly,ppt_79
FromBelow,not_ugly,ppt_79
FromBelow,ugly,ppt_79
FromBelow,ugly,ppt_80
FromBelow,ugly,ppt_80
Level,ugly,ppt_80
Level,ugly,ppt_80
FromBelow,ugly,ppt_80
FromBelow,not_ugly,ppt_80
Level,not_ugly,ppt_80
Level,not_ugly,ppt_80
FromBelow,not_ugly,ppt_80
FromBelow,not_ugly,ppt_80
Level,not_ugly,ppt_80
Level,not_ugly,ppt_80
Level,not_ugly,ppt_80
Level,not_ugly,ppt_80
FromBelow,not_ugly,ppt_80
FromBelow,not_ugly,ppt_80
FromBelow,not_ugly,ppt_81
FromBelow,not_ugly,ppt_81
Level,not_ugly,ppt_81
Level,ugly,ppt_81
FromBelow,ugly,ppt_81
FromBelow,not_ugly,ppt_81
Level,ugly,ppt_81
Level,ugly,ppt_81
FromBelow,not_ugly,ppt_81
FromBelow,not_ugly,ppt_81
Level,not_ugly,ppt_81
Level,not_ugly,ppt_81
Level,ugly,ppt_81
Level,ugly,ppt_81
FromBelow,not_ugly,ppt_81
FromBelow,not_ugly,ppt_81
FromBelow,ugly,ppt_82
FromBelow,ugly,ppt_82
Level,not_ugly,ppt_82
Level,ugly,ppt_82
FromBelow,not_ugly,ppt_82
FromBelow,not_ugly,ppt_82
Level,ugly,ppt_82
Level,not_ugly,ppt_82
FromBelow,ugly,ppt_82
FromBelow,ugly,ppt_82
Level,ugly,ppt_82
Level,ugly,ppt_82
Level,ugly,ppt_82
Level,ugly,ppt_82
FromBelow,ugly,ppt_82
FromBelow,ugly,ppt_82
FromBelow,ugly,ppt_83
FromBelow,not_ugly,ppt_83
Level,not_ugly,ppt_83
Level,not_ugly,ppt_83
FromBelow,not_ugly,ppt_83
FromBelow,not_ugly,ppt_83
Level,not_ugly,ppt_83
Level,not_ugly,ppt_83
FromBelow,not_ugly,ppt_83
FromBelow,ugly,ppt_83
Level,not_ugly,ppt_83
Level,not_ugly,ppt_83
Level,not_ugly,ppt_83
Level,not_ugly,ppt_83
FromBelow,not_ugly,ppt_83
FromBelow,ugly,ppt_83
FromBelow,not_ugly,ppt_84
FromBelow,not_ugly,ppt_84
Level,not_ugly,ppt_84
Level,not_ugly,ppt_84
FromBelow,not_ugly,ppt_84
FromBelow,not_ugly,ppt_84
Level,not_ugly,ppt_84
Level,not_ugly,ppt_84
FromBelow,ugly,ppt_84
FromBelow,ugly,ppt_84
Level,not_ugly,ppt_84
Level,not_ugly,ppt_84
Level,ugly,ppt_84
Level,ugly,ppt_84
FromBelow,ugly,ppt_84
FromBelow,not_ugly,ppt_84
FromBelow,ugly,ppt_85
FromBelow,ugly,ppt_85
Level,ugly,ppt_85
Level,not_ugly,ppt_85
FromBelow,ugly,ppt_85
FromBelow,ugly,ppt_85
Level,not_ugly,ppt_85
Level,ugly,ppt_85
FromBelow,not_ugly,ppt_85
FromBelow,not_ugly,ppt_85
Level,not_ugly,ppt_85
Level,ugly,ppt_85
Level,ugly,ppt_85
Level,ugly,ppt_85
FromBelow,ugly,ppt_85
FromBelow,ugly,ppt_85
FromBelow,ugly,ppt_86
FromBelow,ugly,ppt_86
Level,not_ugly,ppt_86
Level,ugly,ppt_86
FromBelow,ugly,ppt_86
FromBelow,ugly,ppt_86
Level,not_ugly,ppt_86
Level,not_ugly,ppt_86
FromBelow,ugly,ppt_86
FromBelow,ugly,ppt_86
Level,not_ugly,ppt_86
Level,not_ugly,ppt_86
Level,ugly,ppt_86
Level,ugly,ppt_86
FromBelow,ugly,ppt_86
FromBelow,ugly,ppt_86
FromBelow,ugly,ppt_87
FromBelow,ugly,ppt_87
Level,not_ugly,ppt_87
Level,not_ugly,ppt_87
FromBelow,ugly,ppt_87
FromBelow,ugly,ppt_87
Level,not_ugly,ppt_87
Level,not_ugly,ppt_87
FromBelow,ugly,ppt_87
FromBelow,ugly,ppt_87
Level,not_ugly,ppt_87
Level,not_ugly,ppt_87
Level,not_ugly,ppt_87
Level,not_ugly,ppt_87
FromBelow,ugly,ppt_87
FromBelow,ugly,ppt_87
FromBelow,ugly,ppt_88
FromBelow,ugly,ppt_88
Level,not_ugly,ppt_88
Level,ugly,ppt_88
FromBelow,not_ugly,ppt_88
FromBelow,not_ugly,ppt_88
Level,not_ugly,ppt_88
Level,not_ugly,ppt_88
FromBelow,not_ugly,ppt_88
FromBelow,not_ugly,ppt_88
Level,not_ugly,ppt_88
Level,not_ugly,ppt_88
Level,ugly,ppt_88
Level,not_ugly,ppt_88
FromBelow,not_ugly,ppt_88
FromBelow,not_ugly,ppt_88
FromBelow,not_ugly,ppt_89
FromBelow,not_ugly,ppt_89
Level,not_ugly,ppt_89
Level,ugly,ppt_89
FromBelow,ugly,ppt_89
FromBelow,not_ugly,ppt_89
Level,not_ugly,ppt_89
Level,not_ugly,ppt_89
FromBelow,not_ugly,ppt_89
FromBelow,not_ugly,ppt_89
Level,not_ugly,ppt_89
Level,not_ugly,ppt_89
Level,not_ugly,ppt_89
Level,not_ugly,ppt_89
FromBelow,not_ugly,ppt_89
FromBelow,not_ugly,ppt_89
FromBelow,ugly,ppt_90
FromBelow,ugly,ppt_90
Level,not_ugly,ppt_90
Level,not_ugly,ppt_90
FromBelow,ugly,ppt_90
FromBelow,not_ugly,ppt_90
Level,not_ugly,ppt_90
Level,not_ugly,ppt_90
FromBelow,ugly,ppt_90
FromBelow,ugly,ppt_90
Level,ugly,ppt_90
Level,ugly,ppt_90
Level,ugly,ppt_90
Level,ugly,ppt_90
FromBelow,ugly,ppt_90
FromBelow,ugly,ppt_90
FromBelow,ugly,ppt_91
FromBelow,ugly,ppt_91
Level,not_ugly,ppt_91
Level,ugly,ppt_91
FromBelow,not_ugly,ppt_91
FromBelow,not_ugly,ppt_91
Level,not_ugly,ppt_91
Level,not_ugly,ppt_91
FromBelow,ugly,ppt_91
FromBelow,ugly,ppt_91
Level,not_ugly,ppt_91
Level,not_ugly,ppt_91
Level,not_ugly,ppt_91
Level,not_ugly,ppt_91
FromBelow,ugly,ppt_91
FromBelow,ugly,ppt_91
FromBelow,ugly,ppt_92
FromBelow,ugly,ppt_92
Level,ugly,ppt_92
Level,not_ugly,ppt_92
FromBelow,ugly,ppt_92
FromBelow,not_ugly,ppt_92
Level,not_ugly,ppt_92
Level,not_ugly,ppt_92
FromBelow,ugly,ppt_92
FromBelow,ugly,ppt_92
Level,not_ugly,ppt_92
Level,not_ugly,ppt_92
Level,ugly,ppt_92
Level,not_ugly,ppt_92
FromBelow,ugly,ppt_92
FromBelow,ugly,ppt_92
FromBelow,not_ugly,ppt_93
FromBelow,ugly,ppt_93
Level,not_ugly,ppt_93
Level,ugly,ppt_93
FromBelow,not_ugly,ppt_93
FromBelow,ugly,ppt_93
Level,ugly,ppt_93
Level,ugly,ppt_93
FromBelow,ugly,ppt_93
FromBelow,ugly,ppt_93
Level,ugly,ppt_93
Level,ugly,ppt_93
Level,ugly,ppt_93
Level,ugly,ppt_93
FromBelow,ugly,ppt_93
FromBelow,ugly,ppt_93
FromBelow,ugly,ppt_94
FromBelow,ugly,ppt_94
Level,ugly,ppt_94
Level,ugly,ppt_94
FromBelow,ugly,ppt_94
FromBelow,not_ugly,ppt_94
Level,ugly,ppt_94
Level,ugly,ppt_94
FromBelow,not_ugly,ppt_94
FromBelow,not_ugly,ppt_94
Level,ugly,ppt_94
Level,ugly,ppt_94
Level,ugly,ppt_94
Level,ugly,ppt_94
FromBelow,ugly,ppt_94
FromBelow,ugly,ppt_94
FromBelow,not_ugly,ppt_95
FromBelow,not_ugly,ppt_95
Level,not_ugly,ppt_95
Level,not_ugly,ppt_95
FromBelow,not_ugly,ppt_95
FromBelow,not_ugly,ppt_95
Level,not_ugly,ppt_95
Level,not_ugly,ppt_95
FromBelow,not_ugly,ppt_95
FromBelow,not_ugly,ppt_95
Level,not_ugly,ppt_95
Level,not_ugly,ppt_95
Level,not_ugly,ppt_95
Level,not_ugly,ppt_95
FromBelow,not_ugly,ppt_95
FromBelow,not_ugly,ppt_95
FromBelow,not_ugly,ppt_96
FromBelow,not_ugly,ppt_96
Level,not_ugly,ppt_96
Level,not_ugly,ppt_96
FromBelow,not_ugly,ppt_96
FromBelow,not_ugly,ppt_96
Level,not_ugly,ppt_96
Level,not_ugly,ppt_96
FromBelow,ugly,ppt_96
FromBelow,not_ugly,ppt_96
Level,not_ugly,ppt_96
Level,not_ugly,ppt_96
Level,not_ugly,ppt_96
Level,not_ugly,ppt_96
FromBelow,not_ugly,ppt_96
FromBelow,not_ugly,ppt_96
FromBelow,ugly,ppt_97
FromBelow,ugly,ppt_97
Level,not_ugly,ppt_97
Level,not_ugly,ppt_97
FromBelow,ugly,ppt_97
FromBelow,ugly,ppt_97
Level,not_ugly,ppt_97
Level,ugly,ppt_97
FromBelow,not_ugly,ppt_97
FromBelow,not_ugly,ppt_97
Level,not_ugly,ppt_97
Level,not_ugly,ppt_97
Level,not_ugly,ppt_97
Level,not_ugly,ppt_97
FromBelow,not_ugly,ppt_97
FromBelow,not_ugly,ppt_97
FromBelow,ugly,ppt_98
FromBelow,ugly,ppt_98
Level,not_ugly,ppt_98
Level,not_ugly,ppt_98
FromBelow,not_ugly,ppt_98
FromBelow,not_ugly,ppt_98
Level,not_ugly,ppt_98
Level,not_ugly,ppt_98
FromBelow,ugly,ppt_98
FromBelow,ugly,ppt_98
Level,not_ugly,ppt_98
Level,not_ugly,ppt_98
Level,not_ugly,ppt_98
Level,not_ugly,ppt_98
FromBelow,not_ugly,ppt_98
FromBelow,not_ugly,ppt_98
